Workbook

Sheet Ledger
A1: PUBLIC PROOF LEDGER · yellow cells are inputs · black cells are formulas · do not edit Line got after post
A2: ID | B2: Posted | C2: Timing | D2: Sport | E2: Matchup | F2: Market | G2: Book | H2: Line got | I2: Side | J2: Units | K2: Gate | L2: Chain | M2: Mismatch | N2: Kill switch | O2: Result | P2: Closing line | Q2: CLV pts | R2: P/L u | S2: Notes
A3: 001 | B3: 2026-10-01 20:00 | C3: PRE | D3: NFL | E3: Steelers @ Browns | F3: Spread | G3: Market | H3: 2.5 | I3: Browns +2.5 | J3: 1 | K3: Pass-rush edge not certain | L3: INT → short field → score | M3: Market ~59% PIT; chains on dog | N3: Stop if PIT up 17+ in 1H | O3: W | P3: 2.5 | Q3: =IF(OR(P3="",H3=""),"",P3-H3) -> 0 | R3: =IF(O3="","",IF(O3="W",J3,IF(O3="L",-J3,IF(O3="P",0,"")))) -> 1 | S3: CLE 27-24. Calibration game. Original model missed winner; chain revision caught path.
A4: 002 | B4: 2026-10-02 19:10 | C4: PRE | D4: NFL | E4: Jaguars @ Bengals | F4: Spread | G4: Market | H4: 2.5 | I4: Jaguars +2.5 | J4: 1 | K4: Dugger OUT secondary stress | L4: jax_vs_thin_secondary → SCORE | M4: Dog edge ~15–18 pts vs CIN −2.5 | N4: Stop if CIN up 17+ in 1H | Q4: =IF(OR(P4="",H4=""),"",P4-H4) | R4: =IF(O4="","",IF(O4="W",J4,IF(O4="L",-J4,IF(O4="P",0,"")))) | S4: Sunday 1:00. Fitted-β / IKOC lean.
A5: 003 | B5: 2026-10-02 19:57 | C5: LIVE | D5: NCAAF | E5: Pitt @ Virginia Tech | F5: Spread | G5: Hard Rock | H5: 8.5 | I5: Pitt +8.5 | J5: 0.5 | K5: 4-0 vs 4-0 dog; VT edge already scoring | L5: Dog trailing → pass volume | M5: Pregame +1.5; live +8.5 compensates 7-pt deficit | N5: Stop if VT up 21+ in 1H | Q5: =IF(OR(P5="",H5=""),"",P5-H5) | R5: =IF(O5="","",IF(O5="W",J5,IF(O5="L",-J5,IF(O5="P",0,"")))) | S5: User live number. Screenshot was 14-7, 2nd Q.
A6: 004 | B6: 2026-10-02 19:40 | C6: PRE | D6: NCAAF | E6: Liberty @ Delaware | F6: Spread | G6: Hard Rock | H6: -7 | I6: Liberty −7 | J6: 1 | K6: Talent gap high p_realize | L6: Favorite sustained drive | M6: Not a trap number | N6: Do not chase if live number past −10 | Q6: =IF(OR(P6="",H6=""),"",P6-H6) | R6: =IF(O6="","",IF(O6="W",J6,IF(O6="L",-J6,IF(O6="P",0,"")))) | S6: Early lead reported; hold, do not add.
A7: 005 | B7: 2026-10-02 19:50 | C7: PRE | D7: NCAAF | E7: Penn State @ Northwestern | F7: Spread | G7: Hard Rock | H7: 2.5 | I7: Northwestern +2.5 | J7: 1 | K7: Line crash −7 to −2.5 | L7: Home / new Ryan Field | M7: Biggest mismatch on Friday card | N7: Only add if still within 10 | Q7: =IF(OR(P7="",H7=""),"",P7-H7) | R7: =IF(O7="","",IF(O7="W",J7,IF(O7="L",-J7,IF(O7="P",0,"")))) | S7: Highest-confidence dog besides Pitt live.
A8: 006 | B8: 2026-10-02 20:03 | C8: PRE | D8: NCAAF | E8: Montana St @ Idaho | F8: Spread | G8: Market | H8: 14.5 | I8: Idaho +14.5 | J8: 0.5 | K8: Big-number trap class | L8: Points only, not upset path | M8: Chalk 5-0 #1 FCS vs 0-4 | N8: No ML. Points only. | Q8: =IF(OR(P8="",H8=""),"",P8-H8) | R8: =IF(O8="","",IF(O8="W",J8,IF(O8="L",-J8,IF(O8="P",0,"")))) | S8: 10:30 ET. Prefer +16.5 if available.
A9: 007 | Q9: =IF(OR(P9="",H9=""),"",P9-H9) | R9: =IF(O9="","",IF(O9="W",J9,IF(O9="L",-J9,IF(O9="P",0,""))))
A10: 008 | Q10: =IF(OR(P10="",H10=""),"",P10-H10) | R10: =IF(O10="","",IF(O10="W",J10,IF(O10="L",-J10,IF(O10="P",0,""))))
A11: 009 | Q11: =IF(OR(P11="",H11=""),"",P11-H11) | R11: =IF(O11="","",IF(O11="W",J11,IF(O11="L",-J11,IF(O11="P",0,""))))
A12: 010 | Q12: =IF(OR(P12="",H12=""),"",P12-H12) | R12: =IF(O12="","",IF(O12="W",J12,IF(O12="L",-J12,IF(O12="P",0,""))))
A13: 011 | Q13: =IF(OR(P13="",H13=""),"",P13-H13) | R13: =IF(O13="","",IF(O13="W",J13,IF(O13="L",-J13,IF(O13="P",0,""))))
A14: 012 | Q14: =IF(OR(P14="",H14=""),"",P14-H14) | R14: =IF(O14="","",IF(O14="W",J14,IF(O14="L",-J14,IF(O14="P",0,""))))
A15: 013 | Q15: =IF(OR(P15="",H15=""),"",P15-H15) | R15: =IF(O15="","",IF(O15="W",J15,IF(O15="L",-J15,IF(O15="P",0,""))))
A16: 014 | Q16: =IF(OR(P16="",H16=""),"",P16-H16) | R16: =IF(O16="","",IF(O16="W",J16,IF(O16="L",-J16,IF(O16="P",0,""))))
A17: 015 | Q17: =IF(OR(P17="",H17=""),"",P17-H17) | R17: =IF(O17="","",IF(O17="W",J17,IF(O17="L",-J17,IF(O17="P",0,""))))
A18: 016 | Q18: =IF(OR(P18="",H18=""),"",P18-H18) | R18: =IF(O18="","",IF(O18="W",J18,IF(O18="L",-J18,IF(O18="P",0,""))))
A19: 017 | Q19: =IF(OR(P19="",H19=""),"",P19-H19) | R19: =IF(O19="","",IF(O19="W",J19,IF(O19="L",-J19,IF(O19="P",0,""))))
A20: 018 | Q20: =IF(OR(P20="",H20=""),"",P20-H20) | R20: =IF(O20="","",IF(O20="W",J20,IF(O20="L",-J20,IF(O20="P",0,""))))
... A32: 030 | Q32: =IF(OR(P32="",H32=""),"",P32-H32) | R32: =IF(O32="","",IF(O32="W",J32,IF(O32="L",-J32,IF(O32="P",0,""))))

Sheet Dashboard
A1: PROOF DASHBOARD
A2: Formulas read Ledger rows 3–40. Fill Result and Closing line to update.
A4: Graded plays | B4: =COUNTIF(Ledger!O3:O40,"W")+COUNTIF(Ledger!O3:O40,"L")+COUNTIF(Ledger!O3:O40,"P") -> 1
A5: Wins | B5: =COUNTIF(Ledger!O3:O40,"W") -> 1
A6: Losses | B6: =COUNTIF(Ledger!O3:O40,"L") -> 0
A7: Pushes | B7: =COUNTIF(Ledger!O3:O40,"P") -> 0
A8: Hit rate | B8: =IF(B4=0,"—",B5/B4) -> 1
A9: Units staked | B9: =SUMIF(Ledger!O3:O40,"<>",Ledger!J3:J40) -> 1
A10: Net units | B10: =SUM(Ledger!R3:R40) -> 1
A11: ROI | B11: =IF(B9=0,"—",B10/B9) -> 1
A12: Avg CLV (pts) | B12: =IF(COUNT(Ledger!Q3:Q40)=0,"—",AVERAGE(Ledger!Q3:Q40)) -> 0
A13: Posted rows | B13: =COUNTA(Ledger!E3:E40) -> 6
A15: STRIPE GATE
A16: Open paid tier only if graded plays ≥ 40 OR average CLV > 0 with at least 25 closes.
A17: =IF(OR(B4>=40,AND(COUNT(Ledger!Q3:Q40)>=25,B12>0)),"READY TO CHARGE","KEEP THE LEDGER PUBLIC") -> KEEP THE LEDGER PUBLIC
A19: BY SPORT
A20: Sport | B20: Graded | C20: Net u
A21: NFL | B21: =COUNTIFS(Ledger!D3:D40,A21,Ledger!O3:O40,"<>") -> 1 | C21: =SUMIF(Ledger!D3:D40,A21,Ledger!R3:R40) -> 1
A22: NCAAF | B22: =COUNTIFS(Ledger!D3:D40,A22,Ledger!O3:O40,"<>") -> 0 | C22: =SUMIF(Ledger!D3:D40,A22,Ledger!R3:R40) -> 0
A23: UFC | B23: =COUNTIFS(Ledger!D3:D40,A23,Ledger!O3:O40,"<>") -> 0 | C23: =SUMIF(Ledger!D3:D40,A23,Ledger!R3:R40) -> 0

Sheet Rules
A1: GATE / CHAIN LEDGER
A2: One row per play. Posted before the bet. Graded after. No rewrites.
A4: HOW A ROW GETS WRITTEN
A5: 1. Timestamp | B5: Record local time before the wager. If the clock is after kickoff, mark timing = LIVE.
A6: 2. Line locked | B6: Write the number you actually got (Hard Rock or whichever book), not the consensus.
A7: 3. Gate | B7: Name the structural edge and whether it is certain or only probable (p_realize).
A8: 4. Chain | B8: Name the scoring path that has to fire: takeaway → short field, YAC chunk, sustained red zone, backup-QB stress.
A9: 5. Mismatch | B9: Say how far the board disagrees with that path. This is the reason for the bet.
A10: 6. Units | B10: 0.5 default live add. 1.0 standard. 2.0 only if mismatch is extreme and margin is still live.
A11: 7. Grade | B11: W / L / P after the game. Closing line in the CLV columns. Never edit the posted line.
A13: UNIT AND KILL RULES
A14: Pregame | B14: 1.0u standard. 0.5u if confidence is low. 2.0u only when mismatch is large and the gate is not already priced.
A15: Live | B15: 0.5–1.0u add. Max 2.0u total on one game. No get-it-back doubles.
A16: Kill switch | B16: Stop adding if the favorite leads by 17+ in the first half, or the live number no longer beats the pregame lean.
A17: CLV | B17: Closing line minus your line, in points, signed so positive means you beat the close.
A18: Proof bar | B18: Do not open Stripe until 40 graded plays or clear positive CLV, whichever comes with a sample.
